
CREATE DATABASE quinnincReportDB;

GO

USE quinnincReportDB;

GO

-- Creating a new SQL authentication login for the database to be accessed
CREATE LOGIN quinnincReportDB_Admin WITH PASSWORD = 'soft255sl'

GO

ALTER SERVER ROLE [sysadmin] ADD MEMBER [quinnincReportDB_Admin]

GO

ALTER SERVER ROLE [securityadmin] ADD MEMBER [quinnincReportDB_Admin]

GO

ALTER SERVER ROLE [serveradmin] ADD MEMBER [quinnincReportDB_Admin]

GO

ALTER SERVER ROLE [diskadmin] ADD MEMBER [quinnincReportDB_Admin]

GO

ALTER SERVER ROLE [dbcreator] ADD MEMBER [quinnincReportDB_Admin]

GO

CREATE TABLE customer (
  ACCOUNT_NUMBER BIGINT NOT NULL,
  NID_NUMBER BIGINT NOT NULL,
  ACC_TYPE VARCHAR(15) NOT NULL,
  FIRST_NAME VARCHAR(50) NOT NULL,
  MIDDLE_NAME VARCHAR(50) NOT NULL,
  LAST_NAME VARCHAR(50) NOT NULL,
  BALANCE FLOAT NOT NULL DEFAULT '0.00',
  EMAIL_ADDRESS VARCHAR(50) NOT NULL,
  MOBILE_NUMBER VARCHAR(10) NOT NULL,
  PRIMARY KEY (ACCOUNT_NUMBER, NID_NUMBER)
)

GO

INSERT INTO customer (ACCOUNT_NUMBER, NID_NUMBER, ACC_TYPE, FIRST_NAME, MIDDLE_NAME, LAST_NAME, BALANCE, EMAIL_ADDRESS, MOBILE_NUMBER) VALUES
(1002448464, 255647189432, 'NORMAL SAVINGS', 'Charles', '', 'Winderson', 350, 'charls@icloud.com', '0774856219'),
(5984684623, 124165310564, 'NORMAL SAVINGS', 'Rick', 'Edward', 'Brooks', 430, 'Brooks@yahoo.com', '0771367842'),
(9561654133, 144165055654, 'PREMIER SAVINGS', 'Nuran', 'Fernando', 'Miller', 502, 'Nuran_3211@gmail.com', '0713589742'),
(8465320089, 145484164106, 'BONUS SAVINGS', 'John', 'Seth', 'Neil', 540, 'neil7@gmail.com', '0761578238'),
(4169856616, 156448413104, 'NORMAL SAVINGS', 'Caitlin', 'Lane', 'Moore', 340, 'Caitlin412@gmail.com', '0713449843'),
(5261065161, 165419489416, 'NORMAL SAVINGS', 'Lucas', 'Troy', 'Matthews', 1032, 'mathew@gmail.com', '0773842316'),
(6765164689, 200143748675, 'PREMIER SAVINGS', 'Rachel', 'Rebecca', 'Reynolds', 4302, 'Rachel14@gmail.com', '0773687516'),
(1851561616, 200154387348, 'BONUS SAVINGS', 'Sansa', 'Ellen', 'Palmer', 2301, 'Palmer_45@gmail.com', '0767461384'),
(2306514965, 200156724342, 'BONUS SAVINGS', 'Rob', 'Felix', 'Parker', 3500, 'rob54@gmail.com', '0763485721'),
(8001243764, 200531848736, 'NORMAL SAVINGS', 'Rohan', 'Wade', 'Anderson', 420, 'Rohan4@gmail.com', '0764753147'),
(8949651335, 248416164841, 'BONUS SAVINGS', 'Olivia', 'Jane', 'Fletcher', 640, 'Olivia_fl@gmail.com', '0713548702'),
(4988451621, 345343437887, 'NORMAL SAVINGS', 'William', 'Merle', 'Stark', 310, 'starks@gmail.com', '0713575324'),
(8465161232, 415648413103, 'PREMIER SAVINGS', 'Franklin', 'Arden', 'Bradley', 1500, 'Bradley145@yahoo.com', '0762404404'),
(9546842123, 443451257841, 'BONUS SAVINGS', 'Jace', 'Murphy', 'Adams', 1420, 'Adams_j@yahoo.com', '0765791234'),
(8949845162, 489481361605, 'BONUS SAVINGS', 'Jacob', 'Francis', 'Johnson', 1930, 'jacob@yahoo.com', '0763587421'),
(9846511653, 567863786786, 'PREMIER SAVINGS', 'Harry', 'Jordan', 'Phillips', 2400, 'phill@gmail.com', '0713689427'),
(8469851261, 676786378678, 'NORMAL SAVINGS', 'Monica', 'Alice', 'Rose', 1400, 'Monica410@gmail.com', '0761579412'),
(1641989495, 745572237783, 'NORMAL SAVINGS', 'Thomas', 'Luke', 'Roberts', 1320, 'Thomas123@gmail.com', '0714691328'),
(8016463554, 874613255486, 'BONUS SAVINGS', 'Morgan', 'Avery', 'Armstrong', 850, 'Morgan21@gmail.com', '0779842153'),
(8495262163, 894861104640, 'PREMIER SAVINGS', 'Selena', 'Naomi', 'Kelly', 2040, 'Selena_k@gmail.com', '0764897512')

GO

CREATE TABLE login (
    USERNAME VARCHAR(20) NOT NULL,
    PASSWORD VARCHAR(50) NOT NULL,
    EMAIL_ADDRESS VARCHAR(50) NOT NULL,
    HASH_VALUE VARCHAR(50) NOT NULL,
    PRIMARY KEY (USERNAME,EMAIL_ADDRESS)
);

INSERT INTO login (USERNAME, PASSWORD, EMAIL_ADDRESS, HASH_VALUE) VALUES
('admin', 'root', 'admin@quinn.co.uk', ''),
('AMJustin', 'justin@8754', '', ''),
('ATNaveen', 'ATNaveen&475', '', ''),
('ATSophia', 'Sophia/754', '', ''),
('CBArthur', 'CBArthue*951', '', ''),
('DMOliver', 'Oliver+404', '', ''),
('KIAryn', 'KIAryn!654', '', ''),
('KNTyson', 'KNTyson$321', '', ''),
('LMErin', 'Erin@645', '', ''),
('LTJasper', 'Jasper*987', '', ''),
('NMHaiden', 'MHaiden$745', '', ''),
('SDCharles', 'SD96845', '', ''),
('SFWinston', 'SFWinston%142', '', ''),
('WASilva', 'Silvawa545', '', ''),
('WRSelena', 'Selena$523', '', '')

GO

CREATE TABLE customer_transaction (
  TRANSACTION_NUMBER INT IDENTITY(55000000,1),
  ACCOUNT_NUMBER BIGINT NOT NULL,
  TRANSACTION_TYPE CHAR(1) NOT NULL,
  ACCOUNT_TYPE VARCHAR(50) NOT NULL,
  AMOUNT FLOAT NOT NULL DEFAULT '0.00',
  DATE_TIME DATETIME NOT NULL DEFAULT CURRENT_TIMESTAMP,
  PRIMARY KEY (TRANSACTION_NUMBER)
);

GO

INSERT INTO customer_transaction(ACCOUNT_NUMBER, TRANSACTION_TYPE, ACCOUNT_TYPE, AMOUNT, DATE_TIME)
VALUES
(4169856616, 'W', 'NORMAL SAVINGS', '110.00', '2019-12-21 10:45:23.257'),
(9561654133, 'D', 'PREMIER SAVINGS', '120.00', '2019-12-22 10:45:23.257'),
(1851561616, 'D', 'BONUS SAVINGS', '30.00', '2019-12-26 10:45:23.257'),
(8949845162, 'W', 'BONUS SAVINGS', '20.00', '2020-01-02 10:45:23.257'),
(4169856616, 'W', 'NORMAL SAVINGS', '100.00', '2020-01-03 10:45:23.257'),
(9846511653, 'D', 'PREMIER SAVINGS', '40.00', '2020-01-03 12:45:23.257'),
(8949845162, 'W', 'BONUS SAVINGS', '30.00', '2020-01-03 14:45:23.257'),
(4169856616, 'D', 'NORMAL SAVINGS', '35.00', '2020-01-06 10:45:23.257'),
(1641989495, 'D', 'NORMAL SAVINGS', '65.00', '2020-01-07 10:45:23.257'),
(9846511653, 'D', 'PREMIER SAVINGS', '70.00', '2020-01-07 12:45:23.257'),
(4169856616, 'W', 'NORMAL SAVINGS', '120.00', '2020-01-08 10:45:23.257'),
(8949845162, 'D', 'BONUS SAVINGS', '140.00', '2020-01-09 10:45:23.257'),
(9846511653, 'W', 'PREMIER SAVINGS', '230.00', '2020-01-10 10:45:23.257')
